Workbook

Sheet UV
A1: U-Nr | B1: Kl,Le | C1: Nvpl Std. | D1: Wst | E1: Lehrer | F1: Fach | G1: Klasse(n) | H1: U-Gruppen | I1: Fachraum | J1: Schülergruppe | K1: Dopp.Std. | L1: Stammraum | M1: ZeilenText-2 | N1: ZeilenText | O1: Fix (X) | P1: Ignore (i) | Q1: KKK | R1: (E) | S1: Text
A2: 1093 | B2: (i) | D2: 2 | E2: L70 | F2: BI | G2: 05A | I2: RBiÜ2 | J2: BI_05A | K2: 0-1 | L2: R05a | M2: S1 Vorm. | P2: i | R2: x
A3: 151 | B3: (i) | D3: 4 | E3: L1 | F3: D | G3: 05A | K3: 1-1 | L3: R05a | M3: S1 Vorm. | P3: i | R3: x
A4: 150 | B4: (i) | D4: 5 | E4: L82 | F4: E | G4: 05A | K4: 0-2 | L4: R05a | M4: S1 Vorm. | P4: i | R4: x
A5: 152 | B5: (i) | D5: 2 | E5: L43 | F5: EK | G5: 05A | I5: REk1 | L5: R05a | M5: S1 Vorm. | P5: i | R5: x
A6: 219 | B6: (i) | D6: 1 | E6: L1 | F6: KL_Erg | G6: 05A | L6: R05a | M6: S1 Vorm. | P6: i | R6: x
A7: 154 | B7: (i) | D7: 2 | E7: L1 | F7: KU | G7: 05A | I7: RKu3 | K7: 1-1 | M7: S1 Vorm. | P7: i | R7: x
A8: 154 | B8: (i) | D8: 2 | E8: L1 | F8: KU | G8: 05A | I8: RKu3 | K8: 1-1 | M8: S1 Vorm. | P8: i | R8: x
A9: 1105 | B9: (i) | D9: 4 | E9: L33 | F9: M | G9: 05A | J9: 05A_M | K9: 0-1 | L9: R05a | M9: S1 Vorm. | P9: i | R9: x
A10: 146 | B10: (i) | D10: 1 | E10: L82 | F10: Meth ERG | G10: 05A | L10: R05a | M10: S1 Vorm. | P10: i | R10: x
A11: 147 | B11: (i) | D11: 2 | E11: L68 | F11: MU | G11: 05A | I11: RMu1 | L11: R05a | M11: S1 Vorm. | P11: i | R11: x
A12: 149 | B12: (i) | D12: 2 | E12: L78 | F12: SP | G12: 05A | I12: RSh1 | J12: 05A_SP | K12: 46023 | M12: S1 Sp Block 1 | P12: i
A13: 145 | B13: (i) | D13: 2 | E13: L40 | F13: WiPo | G13: 05A | L13: R05a | M13: S1 Vorm. | P13: i | R13: x
A14: 1727 | B14: 4, 6 | D14: 2 | E14: L82 | F14: ER | G14: 05A,05B,05C,05D | I14: ReR | M14: S1 V Block | R14: x
A15: 1727 | B15: 4, 6 | D15: 2 | E15: L22 | F15: KR | G15: 05A,05B,05C,05D | L15: R05a | M15: S1 V Block | R15: x
A16: 1727 | B16: 4, 6 | D16: 2 | E16: L72 | F16: KR | G16: 05A,05B,05C,05D | L16: R05b | M16: S1 V Block | R16: x
A17: 1727 | B17: 4, 6 | D17: 2 | E17: L23 | F17: PP | G17: 05A,05B,05C,05D | J17: PP_1 | L17: R05c | M17: S1 V Block | R17: x
A18: 1727 | B18: 4, 6 | D18: 2 | E18: L46 | F18: PP | G18: 05A,05B,05C,05D | J18: PP_2 | L18: R05d | M18: S1 V Block | R18: x
A19: 1727 | B19: 4, 6 | D19: 2 | E19: L80 | F19: PP | G19: 05A,05B,05C,05D | J19: PP_3 | L19: R10a | M19: S1 V Block | R19: x
A20: 1733 | B20: 5, 2 | D20: 1 | E20: L50 | F20: StrPr | G20: 05A,05B,05C,05D,AG7 | L20: R05d | M20: S1 V Block | O20: x
A21: 1733 | B21: 5, 2 | D21: 1 | E21: L68 | F21: StrPr | G21: 05A,05B,05C,05D,AG7 | J21: StrPr_05A_05B_05C_05D | L21: R05c | M21: S1 V Block | O21: x
A22: 113 | B22: (i) | D22: 2 | E22: L70 | F22: BI | G22: 05B | I22: RBiÜ1 | M22: S1 Vorm. | P22: i | R22: x
A23: 114 | B23: (i) | D23: 4 | E23: L80 | F23: D | G23: 05B | K23: 1-1 | L23: R05b | M23: S1 Vorm. | P23: i | R23: x
A24: 116 | B24: (i) | D24: 5 | E24: L58 | F24: E | G24: 05B | K24: 0-1 | L24: R05b | M24: S1 Vorm. | P24: i | R24: x
A25: 117 | B25: (i) | D25: 2 | E25: L63 | F25: EK | G25: 05B | I25: REk1 | L25: R05b | M25: S1 Vorm. | P25: i | R25: x
A26: 221 | B26: (i) | D26: 1 | E26: L80 | F26: KL_Erg | G26: 05B | L26: R05b | M26: S1 Vorm. | P26: i | R26: x
A27: 118 | B27: (i) | D27: 2 | E27: L52 | F27: KU | G27: 05B | I27: RKu1 | K27: 1-1 | M27: S1 Vorm. | P27: i | R27: x
A28: 118 | B28: (i) | D28: 2 | E28: L52 | F28: KU | G28: 05B | I28: RKu1 | K28: 1-1 | M28: S1 Vorm. | P28: i | R28: x
A29: 119 | B29: (i) | D29: 4 | E29: L56 | F29: M | G29: 05B | K29: 0-1 | L29: R05b | M29: S1 Vorm. | P29: i | R29: x
A30: 143 | B30: (i) | D30: 1 | E30: L80 | F30: Meth ERG | G30: 05B | L30: R05b | M30: S1 Vorm. | P30: i | R30: x
A31: 120 | B31: (i) | D31: 2 | E31: L46 | F31: MU | G31: 05B | I31: RMu1 | M31: S1 Vorm. | P31: i | R31: x
A32: 1700 | B32: (i) | D32: 2 | E32: L74 | F32: SP | G32: 05B | I32: RSh1 | K32: 46023 | M32: S1 Sp Block 1 | P32: i
A33: 121 | B33: (i) | D33: 2 | E33: L12 | F33: WiPo | G33: 05B | L33: R05b | M33: S1 Vorm. | P33: i | R33: x
A34: 103 | B34: (i) | D34: 2 | E34: L70 | F34: BI | G34: 05C | I34: RBiÜ1 | M34: S1 Vorm. | P34: i | R34: x
A35: 104 | B35: (i) | D35: 4 | E35: L22 | F35: D | G35: 05C | K35: 1-1 | L35: R05c | M35: S1 Vorm. | P35: i | R35: x
A36: 157 | B36: (i) | D36: 5 | E36: L40 | F36: E | G36: 05C | K36: 0-1 | L36: R05c | M36: S1 Vorm. | P36: i | R36: x
A37: 105 | B37: (i) | D37: 2 | E37: L43 | F37: EK | G37: 05C | I37: REk1 | L37: R05c | M37: S1 Vorm. | P37: i | R37: x
A38: 220 | B38: (i) | D38: 1 | E38: L22 | F38: KL_Erg | G38: 05C | L38: R05c | M38: S1 Vorm. | P38: i | R38: x
A39: 159 | B39: (i) | D39: 2 | E39: L77 | F39: KU | G39: 05C | I39: RKu3 | K39: 1-1 | M39: S1 Vorm. | P39: i | R39: x
A40: 159 | B40: (i) | D40: 2 | E40: L77 | F40: KU | G40: 05C | I40: RKu3 | K40: 1-1 | M40: S1 Vorm. | P40: i | R40: x
A41: 106 | B41: (i) | D41: 4 | E41: L42 | F41: M | G41: 05C | K41: 0-1 | L41: R05c | M41: S1 Vorm. | P41: i | R41: x
A42: 142 | B42: (i) | D42: 1 | E42: L22 | F42: Meth ERG | G42: 05C | L42: R05c | M42: S1 Vorm. | P42: i | R42: x
A43: 158 | B43: (i) | D43: 2 | E43: L60 | F43: MU | G43: 05C | I43: RMu1 | L43: R05c | M43: S1 Vorm. | P43: i | R43: x
A44: 1704 | B44: (i) | D44: 2 | E44: L34 | F44: SP | G44: 05C | I44: RSh1 | K44: 46023 | M44: S1 Sp Block 1 | P44: i
A45: 107 | B45: (i) | D45: 2 | E45: L40 | F45: WiPo | G45: 05C | L45: R05c | M45: S1 Vorm. | P45: i | R45: x
A46: 383 | B46: (i) | D46: 2 | E46: L55 | F46: BI | G46: 05D | I46: RBi3 | M46: S1 Vorm. | P46: i | R46: x
A47: 226 | B47: (i) | D47: 4 | E47: L55 | F47: D | G47: 05D | K47: 1-1 | L47: R05d | M47: S1 Vorm. | P47: i | R47: x
A48: 108 | B48: (i) | D48: 5 | E48: L20 | F48: E | G48: 05D | K48: 0-1 | L48: R05d | M48: S1 Vorm. | P48: i | R48: x
A49: 109 | B49: (i) | D49: 2 | E49: L50 | F49: EK | G49: 05D | I49: REk1 | L49: R05d | M49: S1 Vorm. | P49: i | R49: x
A50: 225 | B50: (i) | D50: 1 | E50: L50 | F50: KL_Erg | G50: 05D | L50: R05d | M50: S1 Vorm. | P50: i | R50: x
A51: 110 | B51: (i) | D51: 2 | E51: L80 | F51: KU | G51: 05D | I51: RKu1 | K51: 1-1 | M51: S1 Vorm. | P51: i | R51: x
A52: 110 | B52: (i) | D52: 2 | E52: L80 | F52: KU | G52: 05D | I52: RKu1 | K52: 1-1 | M52: S1 Vorm. | P52: i | R52: x
A53: 132 | B53: (i) | D53: 4 | E53: L50 | F53: M | G53: 05D | K53: 0-1 | L53: R05d | M53: S1 Vorm. | P53: i | R53: x
A54: 141 | B54: (i) | D54: 1 | E54: L50 | F54: Meth ERG | G54: 05D | L54: R05d | M54: S1 Vorm. | P54: i | R54: x
A55: 111 | B55: (i) | D55: 2 | E55: L64 | F55: MU | G55: 05D | I55: RMu1 | L55: R05d | M55: S1 Vorm. | P55: i | R55: x
A56: 1708 | B56: (i) | D56: 2 | E56: L19 | F56: SP | G56: 05D | I56: RSh1 | K56: 46023 | M56: S1 Sp Block 1 | P56: i
A57: 112 | B57: (i) | D57: 2 | E57: L12 | F57: WiPo | G57: 05D | L57: R05d | M57: S1 Vorm. | P57: i | R57: x
A58: 25 | B58: (i) | D58: 2 | E58: L61 | F58: BI | G58: 06A | I58: RBi3 | J58: BI_06A | M58: S1 Vorm. | P58: i | R58: x
A59: 22 | B59: (i) | D59: 5 | E59: L49 | F59: D | G59: 06A | K59: 1-2 | L59: R06a | M59: S1 Vorm. | P59: i | R59: x
A60: 23 | B60: (i) | D60: 4 | E60: L40 | F60: E | G60: 06A | K60: 0-1 | L60: R06a | M60: S1 Vorm. | P60: i | R60: x
A61: 82 | B61: (i) | D61: 2 | E61: L80 | F61: GE | G61: 06A | L61: R06a | M61: S1 Vorm. | P61: i | R61: x
A62: 223 | C62: 2 | D62: 2 | E62: L25 | F62: IF | G62: 06A | I62: RCp2 | K62: 1-1 | M62: S1 Vorm. | P62: i | R62: x
A63: 223 | C63: 2 | D63: 2 | E63: L25 | F63: IF | G63: 06A | I63: RCp2 | J63: IF_06A | K63: 1-1 | M63: S1 Vorm. | P63: i | R63: x
A64: 24 | B64: (i) | D64: 2 | E64: L52 | F64: KU | G64: 06A | I64: RKu2 | K64: 1-1 | M64: S1 Vorm. | P64: i | R64: x
A65: 24 | B65: (i) | D65: 2 | E65: L52 | F65: KU | G65: 06A | I65: RKu2 | K65: 1-1 | M65: S1 Vorm. | P65: i | R65: x
A66: 21 | B66: (i) | D66: 5 | E66: L28 | F66: M | G66: 06A | K66: 0-1 | L66: R06a | M66: S1 Vorm. | P66: i | R66: x
A67: 122 | B67: (i) | D67: 2 | E67: L25 | F67: PH | G67: 06A | I67: RPhÜ2 | L67: R06a | M67: S1 Vorm. | P67: i | R67: x
A68: 1712 | B68: (i) | D68: 2 | E68: L6 | F68: SP | G68: 06A | I68: RSh1 | M68: S1 Sp Block 1 | P68: i
A69: 1710 | B69: (i) | D69: 2 | E69: L6 | F69: SP | G69: 06A | I69: RSh1 | K69: 46023 | M69: S1 Sp Block 1 | P69: i
A70: 1211 | B70: 5, 6 | D70: 2 | E70: L22 | F70: KR | G70: 06A,06E,06C | L70: R06e | M70: S1 V Block | R70: x
A71: 1095 | B71: (i) | D71: 2 | E71: L21 | F71: BI | G71: 06B | I71: RBiÜ2 | J71: BI_06B | K71: 0-1 | L71: R06b | M71: S1 Vorm. | P71: i | R71: x
A72: 8 | B72: (i) | D72: 5 | E72: L73 | F72: D | G72: 06B | K72: 1-2 | L72: R06b | M72: S1 Vorm. | P72: i | R72: x
A73: 9 | B73: (i) | D73: 4 | E73: L17 | F73: E | G73: 06B | J73: E_6b | K73: 0-1 | L73: R06b | M73: S1 Vorm. | P73: i | R73: x
A74: 12 | B74: (i) | D74: 2 | E74: L72 | F74: GE | G74: 06B | K74: 0-1 | L74: R06b | M74: S1 Vorm. | P74: i | R74: x
A75: 1181 | D75: 2 | E75: L76 | F75: IF | G75: 06B | I75: RCp2 | K75: 1-1 | L75: R06b | M75: S1 Vorm. | P75: i | R75: x
A76: 1181 | D76: 2 | E76: L76 | F76: IF | G76: 06B | I76: RCp2 | J76: IF_6b | K76: 1-1 | L76: R06b | M76: S1 Vorm. | P76: i | R76: x
A77: 144 | B77: (i) | D77: 2 | E77: L17 | F77: KU | G77: 06B | I77: RKu1 | K77: 1-1 | M77: S1 Vorm. | P77: i | R77: x
A78: 144 | B78: (i) | D78: 2 | E78: L17 | F78: KU | G78: 06B | I78: RKu1 | K78: 1-1 | M78: S1 Vorm. | P78: i | R78: x
A79: 7 | B79: (i) | D79: 5 | E79: L31 | F79: M | G79: 06B | K79: 0-1 | L79: R06b | M79: S1 Vorm. | P79: i | R79: x
A80: 14 | B80: (i) | D80: 2 | E80: L16 | F80: PH | G80: 06B | I80: RPhÜ2 | K80: 0-1 | L80: R06b | M80: S1 Vorm. | P80: i | R80: x
A81: 1694 | B81: (i) | D81: 2 | E81: L73 | F81: SP | G81: 06B | I81: RSh1 | J81: 6b_SP_1 | K81: 46023 | M81: S1 Sp Block | P81: i
A82: 161 | B82: (i) | D82: 2 | E82: L73 | F82: SP | G82: 06B | I82: RSh1 | J82: 6b_SP_1 | K82: 46023 | M82: S1 Sp Block | P82: i
A83: 1211 | B83: 5, 6 | D83: 2 | E83: L80 | F83: PP | G83: 06B,06A | L83: R06a | M83: S1 V Block | R83: x
A84: 245 | B84: (i) | D84: 2 | E84: L39 | F84: BI | G84: 06C | I84: RBiÜ1 | M84: S1 Vorm. | P84: i | R84: x
A85: 2 | B85: (i) | D85: 5 | E85: L12 | F85: D | G85: 06C | K85: 1-2 | L85: R06c | M85: S1 Vorm. | P85: i | R85: x
A86: 293 | B86: (i) | D86: 4 | E86: L34 | F86: E | G86: 06C | K86: 0-1 | L86: R06c | M86: S1 Vorm. | P86: i | R86: x
A87: 136 | B87: (i) | D87: 2 | E87: L80 | F87: GE | G87: 06C | K87: 0-1 | L87: R06c | M87: S1 Vorm. | P87: i | R87: x
A88: 1183 | C88: 2 | D88: 2 | E88: L76 | F88: IF | G88: 06C | I88: RCp1 | K88: 1-1 | M88: S1 Vorm. | P88: i | R88: x
A89: 1183 | C89: 2 | D89: 2 | E89: L76 | F89: IF | G89: 06C | I89: RCp1 | J89: IF_06C | K89: 1-1 | M89: S1 Vorm. | P89: i | R89: x
A90: 3 | B90: (i) | D90: 2 | E90: L77 | F90: KU | G90: 06C | I90: RKu1 | K90: 1-1 | M90: S1 Vorm. | P90: i | R90: x
A91: 3 | B91: (i) | D91: 2 | E91: L77 | F91: KU | G91: 06C | I91: RKu1 | K91: 1-1 | M91: S1 Vorm. | P91: i | R91: x
A92: 1 | B92: (i) | D92: 5 | E92: L85 | F92: M | G92: 06C | K92: 0-1 | L92: R06c | M92: S1 Vorm. | P92: i | R92: x
A93: 4 | B93: (i) | D93: 2 | E93: L46 | F93: MU | G93: 06C | I93: RMu1 | L93: R06c | M93: S1 Vorm. | P93: i | R93: x
A94: 1176 | B94: (i) | D94: 2 | E94: L85 | F94: PH | G94: 06C | I94: RPhÜ2 | K94: 0-1 | L94: R06c | M94: S1 Vorm. | P94: i | R94: x
A95: 1245 | B95: (i) | D95: 2 | E95: L5 | F95: SP | G95: 06C | I95: RSh1 | K95: 46023 | M95: S1 Sp Block | P95: i
A96: 1096 | B96: (i) | D96: 2 | E96: L57 | F96: BI | G96: 06D | I96: RBiÜ2 | J96: BI_06D | K96: 0-1 | L96: R06d | M96: S1 Vorm. | P96: i | R96: x
A97: 16 | B97: (i) | D97: 5 | E97: L41 | F97: D | G97: 06D | K97: 1-2 | L97: R06d | M97: S1 Vorm. | P97: i | R97: x
A98: 17 | B98: (i) | D98: 4 | E98: L5 | F98: E | G98: 06D | K98: 0-1 | L98: R06d | M98: S1 Vorm. | P98: i | R98: x
A99: 81 | B99: (i) | D99: 2 | E99: L87 | F99: GE | G99: 06D | L99: R06d | M99: S1 Vorm. | P99: i | R99: x
A100: 1110 | C100: 2 | D100: 2 | E100: L76 | F100: IF | G100: 06D | I100: RCp2 | K100: 1-1 | L100: R06d | M100: S1 Vorm. | P100: i | R100: x
...

Sheet LKue
A1: Originalname | B1: KÃ¼rzel
B2: L1
B3: L2
B4: L3
B5: L4
B6: L5
B7: L6
B8: L7
B9: L8
B10: L9
B11: L10
B12: L11
B13: L12
... B95: L94
A96: Z12_1-8 | B96: L95
A97: Z12_8-9 | B97: L96
A98: Z5a-e_7 | B98: L97
A99: Z6a-e_7 | B99: L98
A100: Z7a-e_7 | B100: L99
A101: Z8a-e_7 | B101: L100
A102: Z9a_7 | B102: L101
A103: Z9b_7 | B103: L102
A104: Z9c_7 | B104: L103
A105: Z9d_7 | B105: L104
A106: Z9e_7 | B106: L105

Sheet PM
A1: Zeitlimitsekunden für solver | B1: 10
A3: Anzahl der Lösungen ohne Tausch | B3: 2
A4: Anzahl der Lösungen mit Tausch | B4: 0
A5: NichtFreieTage z.B. Mo,Fr eingeben | B5: Mi | C5: Tage können trotzdem belegt werden, werden aber indirekt bestraft
A6: frühe Doppelstunden | B6: 5 | E6: Qualität = frühe Doppelstunden × 1
A7: Strafe späte Doppelstunden | B7: 10 | E7: - späte Doppelstunden × 5
A8: Strafe späte pädagogische Einheiten | B8: 10 | E8: - schlechte päd. Einheiten × 5
A9: Belohnung für extra freie Tage an bevorzugtem Wochentag | B9: 1 | C9: Belohnung für extra freie Tage (nur falls nicht an oben genannten Wochentag) | E9: + freie Lehrertage × 2
A10: zuviele späte LK Stunden | B10: 10 | C10: mehr als 2 nach Stunde 5
A12: Hohlstundenstrafe | B12: 1
A13: Doppelhohlstundenstrafe | B13: 10
A14: Dreifachhohlstundenstrafe | B14: 200
A15: Strafe Einzelstunde | B15: 10
A16: Strafe Std.folge | B16: 5
A20: große Pause 1 | B20: 2-3
A21: große Pause 2 | B21: 4-5
A22: große Pause 3 | B22: 6-7
A24: Verbot Doppelstunde auf 6,7 oder 7,8 oder 8,9 | B24: nein
A26: Verbot -2 -Verletzungen | B26: nein
A27: Strafe -2 -Verletzungen | B27: 10

Sheet FT
A1: =StD!B1 -> Name | B1: Anzahl zusätzliche FT | C1: Gewichtung
A2: =StD!B2 -> L1 | B2: 1 | C2: -2
A3: =StD!B3 -> L2 | C3: -2
A4: =StD!B4 -> L3 | B4: 1 | C4: -2
A5: =StD!B5 -> L4 | B5: 1 | C5: -2
A6: =StD!B6 -> L5 | C6: -2
A7: =StD!B7 -> L6 | C7: -2
A8: =StD!B8 -> L7 | B8: 1 | C8: -2
A9: =StD!B9 -> L8 | C9: -2
A10: =StD!B10 -> L9 | C10: -2
A11: =StD!B11 -> L10 | C11: -2
A12: =StD!B12 -> L11 | C12: -2
A13: =StD!B13 -> L12 | C13: -2
A14: =StD!B14 -> L13 | B14: 1 | C14: -2
A15: =StD!B15 -> L14 | C15: -2
A16: =StD!B16 -> L15 | B16: 2 | C16: -2
A17: =StD!B17 -> L16 | C17: -2
A18: =StD!B18 -> L17 | C18: -2
A19: =StD!B19 -> L18 | B19: 1 | C19: -2
A20: =StD!B20 -> L19 | C20: -2
A21: =StD!B21 -> L20 | B21: 1 | C21: -2
A22: =StD!B22 -> L21 | C22: -2
A23: =StD!B23 -> L22 | B23: 2 | C23: -2
A24: =StD!B24 -> L23 | C24: -2
A25: =StD!B25 -> 0 | C25: -2
A26: =StD!B26 -> L24 | B26: 2 | C26: -2
A27: =StD!B27 -> L25 | C27: -2
A28: =StD!B28 -> L27 | B28: 1 | C28: -2
A29: =StD!B29 -> L28 | B29: 1 | C29: -2
A30: =StD!B30 -> 0 | C30: -2
A31: =StD!B31 -> L29 | C31: -2
A32: =StD!B32 -> L30 | C32: -2
A33: =StD!B33 -> L31 | C33: -2
A34: =StD!B34 -> L32 | B34: 1 | C34: -2
A35: =StD!B35 -> L33 | C35: -2
A36: =StD!B36 -> L34 | B36: 1 | C36: -2
A37: =StD!B37 -> L35 | C37: -2
A38: =StD!B38 -> L36 | C38: -2
A39: =StD!B39 -> L37 | C39: -2
A40: =StD!B40 -> L38 | C40: -2
A41: =StD!B41 -> 0 | C41: -2
A42: =StD!B42 -> L39 | C42: -2
A43: =StD!B43 -> L40 | C43: -2
A44: =StD!B44 -> L41 | C44: -2
A45: =StD!B45 -> L42 | C45: -2
A46: =StD!B46 -> L43 | C46: -2
A47: =StD!B47 -> L44 | C47: -2
A48: =StD!B48 -> L45 | B48: 1 | C48: -2
A49: =StD!B49 -> L46 | C49: -2
A50: =StD!B50 -> L47 | C50: -2
A51: =StD!B51 -> L48 | B51: 1 | C51: -2
A52: =StD!B52 -> L49 | C52: -2
A53: =StD!B53 -> L50 | C53: -2
A54: =StD!B54 -> L51 | C54: -2
A55: =StD!B55 -> L52 | C55: -2
A56: =StD!B56 -> 0 | C56: -2
A57: =StD!B57 -> L53 | C57: -2
A58: =StD!B58 -> L54 | C58: -2
A59: =StD!B59 -> L55 | C59: -2
A60: =StD!B60 -> L56 | C60: -2
A61: =StD!B61 -> L57 | C61: -2
A62: =StD!B62 -> L58 | C62: -2
A63: =StD!B63 -> L59 | C63: -2
A64: =StD!B64 -> L60 | C64: -2
A65: =StD!B65 -> L61 | B65: 1 | C65: -2
A66: =StD!B66 -> L62 | C66: -2
A67: =StD!B67 -> L63 | C67: -2
A68: =StD!B68 -> L64 | B68: 1 | C68: -2
A69: =StD!B69 -> 0 | C69: -2
A70: =StD!B70 -> L65 | C70: -2
A71: =StD!B71 -> L66 | C71: -2
A72: =StD!B72 -> L67 | C72: -2
A73: =StD!B73 -> L68 | B73: 2 | C73: -2
A74: =StD!B74 -> L69 | B74: 1 | C74: -2
A75: =StD!B75 -> L70 | C75: -2
A76: =StD!B76 -> L71 | B76: 1 | C76: -2
A77: =StD!B77 -> L72 | C77: -2
A78: =StD!B78 -> L73 | C78: -2
A79: =StD!B79 -> L74 | B79: 1 | C79: -2
A80: =StD!B80 -> L75 | C80: -2
A81: =StD!B81 -> L76 | C81: -2
A82: =StD!B82 -> L77 | C82: -2
A83: =StD!B83 -> L78 | C83: -2
A84: =StD!B84 -> L79 | C84: -2
A85: =StD!B85 -> L80 | C85: -2
A86: =StD!B86 -> L81 | C86: -2
A87: =StD!B87 -> L82 | B87: 1 | C87: -2
A88: =StD!B88 -> L84 | B88: 2 | C88: -2
A89: =StD!B89 -> L83 | C89: -2
A90: =StD!B90 -> L85 | C90: -2
A91: =StD!B91 -> L86 | B91: 1 | C91: -2
A92: =StD!B92 -> L87 | C92: -2
A93: =StD!B93 -> L88
A94: =StD!B94 -> L89
A95: =StD!B95 -> L90
A96: =StD!B96 -> L91
A97: =StD!B97 -> L92
A98: =StD!B98 -> L93
A99: =StD!B99 -> L94
A100: =StD!B100 -> L95
...

Sheet Fix UNrn
A1: WTag | B1: Stunde | C1: späte S2 und GD Fixierungen | I1: Q2
A2: Mo | B2: 1 | C2: 232
A3: Mo | B3: 2
A4: Mo | B4: 3
A5: Mo | B5: 4
A6: Mo | B6: 5
A7: Mo | B7: 6
A8: Mo | B8: 7
A9: Mo | B9: 8 | C9: 1339 | D9: 1740 | E9: 1092 | F9: 1739 | G9: 1566
A10: Mo | B10: 9 | C10: 1339 | D10: 1740 | E10: 1092 | F10: 1739 | G10: 1566
A11: Mo | B11: 10 | H11: 906
A12: Mo | B12: 11
A13: Di | B13: 1 | C13: 83 | D13: 1211
A14: Di | B14: 2
A15: Di | B15: 3
A16: Di | B16: 4
A17: Di | B17: 5
A18: Di | B18: 6
A19: Di | B19: 7 | D19: 1733
A20: Di | B20: 8 | C20: 1341 | E20: 904 | F20: 1462 | G20: 1650
A21: Di | B21: 9 | C21: 1341 | E21: 904 | F21: 1462 | G21: 1650
A22: Di | B22: 10 | H22: 908
A23: Di | B23: 11
A24: Mi | B24: 1 | C24: 83 | D24: 1727
A25: Mi | B25: 2
A26: Mi | B26: 3
A27: Mi | B27: 4
A28: Mi | B28: 5
A29: Mi | B29: 6
A30: Mi | B30: 7
A31: Mi | B31: 8
A32: Mi | B32: 9
A33: Mi | B33: 10
A34: Mi | B34: 11
A35: Do | B35: 1 | C35: 156
A36: Do | B36: 2
A37: Do | B37: 3
A38: Do | B38: 4
A39: Do | B39: 5
A40: Do | B40: 6
A41: Do | B41: 7
A42: Do | B42: 8 | C42: 595 | D42: 306 | E42: 603
A43: Do | B43: 9 | C43: 595 | D43: 306 | E43: 603
A44: Do | B44: 10
A45: Do | B45: 11
A46: Fr | B46: 1 | C46: 156
A47: Fr | B47: 2
A48: Fr | B48: 3
A49: Fr | B49: 4
A50: Fr | B50: 5
A51: Fr | B51: 6
A52: Fr | B52: 7
A53: Fr | B53: 8 | C53: 1343 | D53: 1741 | E53: 780 | F53: 385
A54: Fr | B54: 9 | C54: 1343 | D54: 1741 | E54: 780 | F54: 385
A55: Fr | B55: 10
A56: Fr | B56: 11

Sheet Fix spät+GD+Cho+VPL
A1: WTag | B1: Stunde | C1: späte S2 und GD Fixierungen | I1: Q2 | K1: Q1 | M1: EF
A2: Mo | B2: 1 | C2: 232
A3: Mo | B3: 2
A4: Mo | B4: 3
A5: Mo | B5: 4
A6: Mo | B6: 5
A7: Mo | B7: 6
A8: Mo | B8: 7
A9: Mo | B9: 8 | C9: 1339 | D9: 1740 | E9: 1092 | F9: 1739 | G9: 1566
A10: Mo | B10: 9 | C10: 1339 | D10: 1740 | E10: 1092 | F10: 1739 | G10: 1566
A11: Mo | B11: 10 | H11: 906
A12: Mo | B12: 11
A13: Di | B13: 1 | C13: 83 | D13: 1211
A14: Di | B14: 2
A15: Di | B15: 3
A16: Di | B16: 4
A17: Di | B17: 5
A18: Di | B18: 6
A19: Di | B19: 7 | D19: 1733
A20: Di | B20: 8 | C20: 1341 | E20: 904 | F20: 1462 | G20: 1650
A21: Di | B21: 9 | C21: 1341 | E21: 904 | F21: 1462 | G21: 1650
A22: Di | B22: 10 | H22: 908
A23: Di | B23: 11
A24: Mi | B24: 1 | C24: 83 | D24: 1727
A25: Mi | B25: 2
A26: Mi | B26: 3
A27: Mi | B27: 4
A28: Mi | B28: 5
A29: Mi | B29: 6
A30: Mi | B30: 7
A31: Mi | B31: 8
A32: Mi | B32: 9
A33: Mi | B33: 10
A34: Mi | B34: 11
A35: Do | B35: 1 | C35: 156
A36: Do | B36: 2
A37: Do | B37: 3
A38: Do | B38: 4
A39: Do | B39: 5
A40: Do | B40: 6
A41: Do | B41: 7
A42: Do | B42: 8 | C42: 595 | D42: 306 | E42: 603
A43: Do | B43: 9 | C43: 595 | D43: 306 | E43: 603
A44: Do | B44: 10
A45: Do | B45: 11
A46: Fr | B46: 1 | C46: 156
A47: Fr | B47: 2
A48: Fr | B48: 3
A49: Fr | B49: 4
A50: Fr | B50: 5
A51: Fr | B51: 6
A52: Fr | B52: 7
A53: Fr | B53: 8 | C53: 1343 | D53: 1741 | E53: 780 | F53: 385
A54: Fr | B54: 9 | C54: 1343 | D54: 1741 | E54: 780 | F54: 385
A55: Fr | B55: 10
A56: Fr | B56: 11

Sheet Plan
A1: WTag | B1: Stunde | C1: späte S2 und GD Fixierungen
A2: Mo | B2: 1 | C2: 232 | D2: 1367 | E2: 1400 | F2: 1505
A3: Mo | B3: 2 | C3: 1367 | D3: 1400 | E3: 1505
A4: Mo | B4: 3 | C4: 1327 | D4: 1385 | E4: 1475 | F4: 154
A5: Mo | B5: 4 | C5: 1327 | D5: 1385 | E5: 1475 | F5: 154
A6: Mo | B6: 5 | C6: 1357 | D6: 1432 | E6: 1517
A7: Mo | B7: 6 | C7: 1325 | D7: 1426 | E7: 1473
A8: Mo | B8: 7 | C8: 1325 | D8: 1396 | E8: 1473
A9: Mo | B9: 8 | C9: 1339 | D9: 1740 | E9: 1092 | F9: 1739 | G9: 1566
A10: Mo | B10: 9 | C10: 1339 | D10: 1740 | E10: 1092 | F10: 1739 | G10: 1566
A11: Mo | B11: 10 | H11: 906
A12: Mo | B12: 11
A13: Di | B13: 1 | C13: 83 | D13: 1211 | E13: 1359 | F13: 1449 | G13: 1478
A14: Di | B14: 2 | C14: 1311 | D14: 1429 | E14: 1463
A15: Di | B15: 3 | C15: 1311 | D15: 1429 | E15: 1463 | F15: 1727 | G15: 24
A16: Di | B16: 4 | C16: 1355 | D16: 1380 | E16: 1488 | F16: 24
A17: Di | B17: 5 | C17: 1313 | D17: 1435 | E17: 1555 | F17: 223
A18: Di | B18: 6 | C18: 1313 | D18: 1435 | E18: 1498 | F18: 223
A19: Di | B19: 7 | D19: 1733 | E19: 1363 | F19: 1403 | G19: 1525
A20: Di | B20: 8 | C20: 1341 | E20: 904 | F20: 1462 | G20: 1650
A21: Di | B21: 9 | C21: 1341 | E21: 904 | F21: 1462 | G21: 1650
A22: Di | B22: 10 | H22: 908
A23: Di | B23: 11
A24: Mi | B24: 1 | C24: 83 | D24: 1727 | E24: 1319 | F24: 1384 | G24: 1489
A25: Mi | B25: 2 | C25: 1319 | D25: 1384 | E25: 1489
A26: Mi | B26: 3 | C26: 1351 | D26: 1393 | E26: 1499 | F26: 1211
A27: Mi | B27: 4 | C27: 1315 | D27: 1393 | E27: 1572
A28: Mi | B28: 5 | C28: 1315 | D28: 1406 | E28: 1572 | F28: 1110 | G28: 1193 | H28: 3
A29: Mi | B29: 6 | C29: 1331 | D29: 1406 | E29: 1468 | F29: 1110 | G29: 1193 | H29: 3
A30: Mi | B30: 7 | C30: 1321 | D30: 1440 | E30: 1480
A31: Mi | B31: 8 | C31: 1321
A32: Mi | B32: 9
A33: Mi | B33: 10
A34: Mi | B34: 11
A35: Do | B35: 1 | C35: 156 | D35: 1375 | E35: 1411 | F35: 1510 | G35: 110
A36: Do | B36: 2 | C36: 1311 | D36: 1388 | E36: 1494 | F36: 110 | G36: 18
A37: Do | B37: 3 | C37: 1311 | D37: 1392 | E37: 1494 | F37: 118 | G37: 18
A38: Do | B38: 4 | C38: 1329 | D38: 1392 | E38: 1483 | F38: 159 | G38: 118
A39: Do | B39: 5 | C39: 1329 | D39: 1445 | E39: 1483 | F39: 1181 | G39: 159
A40: Do | B40: 6 | C40: 1347 | D40: 1445 | E40: 1464 | F40: 1181
A41: Do | B41: 7 | C41: 1317 | D41: 1376 | E41: 1464
A42: Do | B42: 8 | C42: 595 | D42: 306 | E42: 603 | F42: 1317 | G42: 1376
A43: Do | B43: 9 | C43: 595 | D43: 306 | E43: 603 | F43: 1397
A44: Do | B44: 10
A45: Do | B45: 11
A46: Fr | B46: 1 | C46: 156 | D46: 1313 | E46: 1422 | F46: 1493
A47: Fr | B47: 2 | C47: 1313 | D47: 1422 | E47: 1493 | F47: 144
A48: Fr | B48: 3 | C48: 1373 | D48: 1406 | E48: 1469 | F48: 144
A49: Fr | B49: 4 | C49: 1361 | D49: 1406 | E49: 1550 | F49: 1183 | G49: 360
A50: Fr | B50: 5 | C50: 1323 | D50: 1435 | E50: 1550 | F50: 1183 | G50: 360
A51: Fr | B51: 6 | C51: 1323 | D51: 1435 | E51: 1520
A52: Fr | B52: 7 | C52: 1353 | D52: 1389 | E52: 1520
A53: Fr | B53: 8 | C53: 1343 | D53: 1741 | E53: 780 | F53: 385
A54: Fr | B54: 9 | C54: 1343 | D54: 1741 | E54: 780 | F54: 385
A55: Fr | B55: 10
A56: Fr | B56: 11

Sheet B-Unr-Plan
A1: WTag | B1: Stunde | C1: UNr
A2: Mo | B2: 1 | C2: 1351
A3: Mo | B3: 2 | C3: 1373
A4: Mo | B4: 3 | C4: 1321
A5: Mo | B5: 4 | C5: 1321
A6: Mo | B6: 5 | C6: 1327
A7: Mo | B7: 6 | C7: 1327
A8: Mo | B8: 7 | C8: 1347
A9: Mo | B9: 8 | C9: 1339 | D9: 1740
A10: Mo | B10: 9 | C10: 1339
A11: Mo | B11: 10
A12: Mo | B12: 11
A13: Di | B13: 1 | C13: 1359 | D13: 1211
A14: Di | B14: 2 | C14: 1331
A15: Di | B15: 3 | C15: 1361
A16: Di | B16: 4 | C16: 1313
A17: Di | B17: 5 | C17: 1313
A18: Di | B18: 6 | C18: 1363
A19: Di | B19: 7 | C19: 1355 | D19: 1733
A20: Di | B20: 8 | C20: 1341
A21: Di | B21: 9 | C21: 1341
A22: Di | B22: 10
A23: Di | B23: 11
A24: Mi | B24: 1 | C24: 1313 | D24: 1727
A25: Mi | B25: 2 | C25: 1313
A26: Mi | B26: 3 | C26: 1319
A27: Mi | B27: 4 | C27: 1319
A28: Mi | B28: 5 | C28: 1325
A29: Mi | B29: 6 | C29: 1325
A30: Mi | B30: 7 | C30: 1357
A31: Mi | B31: 8
A32: Mi | B32: 9
A33: Mi | B33: 10
A34: Mi | B34: 11
A35: Do | B35: 1 | C35: 1329
A36: Do | B36: 2 | C36: 1329
A37: Do | B37: 3 | C37: 1315
A38: Do | B38: 4 | C38: 1315
A39: Do | B39: 5 | C39: 1311 | D39: 1727
A40: Do | B40: 6 | C40: 1311 | D40: 1211
A41: Do | B41: 7 | C41: 1367
A42: Do | B42: 8 | C42: 1367
A43: Do | B43: 9 | C43: 1375
A44: Do | B44: 10
A45: Do | B45: 11
A46: Fr | B46: 1 | C46: 1323
A47: Fr | B47: 2 | C47: 1323
A48: Fr | B48: 3 | C48: 1311
A49: Fr | B49: 4 | C49: 1311
A50: Fr | B50: 5 | C50: 1317
A51: Fr | B51: 6 | C51: 1317
A52: Fr | B52: 7 | C52: 1353
A53: Fr | B53: 8 | C53: 1343 | D53: 1741
A54: Fr | B54: 9 | C54: 1343 | D54: 1741
A55: Fr | B55: 10
A56: Fr | B56: 11

Sheet FGR
A1: Bio | B1: 4
A2: Chemie | B2: 2
A3: Kunst | B3: 3
A4: Musik | B4: 2
A5: Physik | B5: 3
A6: Sport | B6: 3
A7: Informatik | B7: 2

Sheet StD
B1: Name | C1: Soll/Woche | D1: Anrechnungen | E1: Wert Unt. | F1: Ist-Soll | G1: Pers.Nr | H1: Status | I1: Geburtsdatum | J1: Std.Folge | K1: Max.Verw. | L1: Std./Tag | M1: HohlStd. soll | N1: Ist (Wert =) | O1: N.Druck. (N) | P1: ( _ ) | Q1: Sperr.
B2: L1 | C2: 16 | D2: -0.597 | E2: 16.65 | F2: 0.053 | H2: a | J2: 6 | K2: 7 | L2: 46175 | M2: 46082 | N2: 16.053 | Q2: 0
B3: L2 | C3: 25.5 | E3: 23.5 | F3: -2 | K3: 0 | N3: 23.5 | Q3: 0
B4: L3 | C4: 20 | D4: 2 | E4: 18 | F4: 0 | H4: a | J4: 6 | K4: 7 | L4: 46175 | M4: 46114 | N4: 20 | Q4: 0
B5: L4 | C5: 18 | D5: 7.866 | E5: 9 | F5: -1.134 | H5: a | J5: 6 | K5: 7 | L5: 46175 | M5: 46082 | N5: 16.866 | Q5: 0
B6: L5 | C6: 25.5 | D6: 0.874 | E6: 24 | F6: -0.626 | H6: v | J6: 6 | K6: 7 | L6: 46175 | M6: 46114 | N6: 24.874 | Q6: 0
B7: L6 | C7: 25.5 | D7: 1.77 | E7: 23 | F7: -0.73 | H7: v | J7: 6 | K7: 7 | L7: 46175 | M7: 46114 | N7: 24.77 | Q7: 0
B8: L7 | C8: 17 | D8: 1.588 | E8: 15 | F8: -0.412 | H8: a | J8: 6 | K8: 7 | L8: 46175 | M8: 46054 | N8: 16.588 | Q8: 0
B9: L8 | C9: 25 | D9: 3.081 | E9: 22 | F9: 0.081 | H9: a | J9: 6 | K9: 7 | L9: 46175 | M9: 46114 | N9: 25.081 | Q9: 0
B10: L9 | E10: 0 | F10: 0 | H10: v | J10: 6 | K10: 7 | L10: 46175 | M10: 46114 | N10: 0 | O10: x | Q10: 0
B11: L10 | C11: 25.5 | D11: 1.377 | E11: 24 | F11: -0.123 | H11: a | J11: 6 | K11: 7 | L11: 46175 | M11: 46114 | N11: 25.377 | Q11: 0
B12: L11 | C12: 25.5 | D12: 10.121 | E12: 14 | F12: -1.379 | H12: v | J12: 6 | K12: 7 | L12: 46175 | M12: 46114 | N12: 24.121 | Q12: 0
B13: L12 | C13: 25.5 | D13: 0.969 | E13: 25 | F13: 0.469 | H13: v | J13: 6 | K13: 7 | L13: 46175 | M13: 46054 | N13: 25.969 | Q13: 0
B14: L13 | C14: 20 | D14: 2.839 | E14: 18 | F14: 0.839 | H14: a | J14: 6 | K14: 7 | L14: 46175 | M14: 46114 | N14: 20.839 | Q14: 0
B15: L14 | C15: 25.5 | D15: 4.982 | E15: 21 | F15: 0.482 | H15: v | J15: 6 | K15: 7 | L15: 46175 | M15: 46114 | N15: 25.982 | Q15: 0
B16: L15 | C16: 7 | D16: -0.595 | E16: 7 | F16: -0.595 | H16: a | J16: 6 | K16: 7 | L16: 46175 | M16: 46054 | N16: 6.405 | Q16: 0
B17: L16 | C17: 25.5 | D17: 0.952 | E17: 24 | F17: -0.548 | H17: v | J17: 6 | K17: 7 | L17: 46175 | M17: 46114 | N17: 24.952 | Q17: 0
B18: L17 | C18: 18 | D18: 0.471 | E18: 18 | F18: 0.471 | H18: a | J18: 6 | K18: 7 | L18: 46175 | M18: 46114 | N18: 18.471 | Q18: 0
B19: L18 | C19: 19 | D19: 4.053 | E19: 14.7 | F19: -0.247 | H19: a | J19: 6 | K19: 7 | L19: 46175 | M19: 46082 | N19: 18.753 | Q19: 0
B20: L19 | C20: 25.5 | D20: 19.01 | E20: 8 | F20: 1.51 | H20: v | J20: 6 | K20: 7 | M20: 43101 | N20: 27.01 | Q20: 0
B21: L20 | C21: 19.5 | D21: 3.17 | E21: 17 | F21: 0.67 | H21: a | J21: 6 | K21: 7 | L21: 46175 | M21: 46082 | N21: 20.17 | Q21: 0
B22: L21 | C22: 9 | E22: 9 | F22: 0 | K22: 0 | L22: 0-6 | N22: 9 | Q22: 0
B23: L22 | C23: 14 | D23: -0.377 | E23: 14.65 | F23: 0.273 | H23: a | J23: 6 | K23: 7 | L23: 46175 | M23: 46054 | N23: 14.273 | Q23: 0
B24: L23 | C24: 15 | D24: 6.715 | E24: 9 | F24: 0.715 | H24: a | J24: 6 | K24: 7 | L24: 46175 | M24: 46082 | N24: 15.715 | Q24: 0
D25: -0.433 | E25: 0 | F25: -0.433 | J25: 6 | K25: 7 | L25: 46175 | M25: 46114 | N25: -0.433 | O25: x | Q25: 0
B26: L24 | C26: 13 | D26: -0.729 | E26: 14 | F26: 0.271 | H26: a | J26: 6 | K26: 7 | L26: 46175 | M26: 46054 | N26: 13.271 | Q26: 0
B27: L25 | C27: 23 | D27: 3.853 | E27: 20 | F27: 0.853 | H27: a | J27: 6 | K27: 7 | L27: 46175 | M27: 46115 | N27: 23.853 | Q27: 0
B28: L27 | C28: 19 | D28: 0.388 | E28: 17 | F28: -1.612 | H28: a | J28: 6 | K28: 7 | L28: 46175 | M28: 46082 | N28: 17.388 | Q28: 0
B29: L28 | C29: 13 | D29: 0.406 | E29: 13 | F29: 0.406 | H29: a | J29: 6 | K29: 7 | L29: 46175 | M29: 46054 | N29: 13.406 | Q29: 0
C30: 25.5 | D30: 25.5 | E30: 0 | F30: 0 | H30: v | J30: 6 | K30: 7 | L30: 46175 | M30: 46114 | N30: 25.5 | O30: x | Q30: 0
B31: L29 | E31: 0 | F31: 0 | J31: 6 | K31: 7 | L31: 46175 | M31: 46054 | N31: 0 | O31: x | Q31: 0
B32: L30 | C32: 25.5 | D32: 13.027 | E32: 13 | F32: 0.527 | H32: v | J32: 6 | K32: 7 | L32: 46175 | M32: 46114 | N32: 26.027 | Q32: 0
B33: L31 | C33: 25.5 | D33: 0.74 | E33: 24.5 | F33: -0.26 | H33: v | J33: 6 | K33: 7 | L33: 46175 | M33: 46114 | N33: 25.24 | Q33: 0
B34: L32 | C34: 16 | D34: 2.043 | E34: 15 | F34: 1.043 | H34: a | J34: 6 | K34: 7 | L34: 46175 | M34: 46082 | N34: 17.043 | Q34: 0
B35: L33 | C35: 25.5 | D35: 10.737 | E35: 13 | F35: -1.763 | H35: v | J35: 6 | K35: 7 | L35: 46175 | M35: 46144 | N35: 23.737 | Q35: 0
B36: L34 | C36: 18 | D36: 0.546 | E36: 17 | F36: -0.454 | H36: a | J36: 6 | K36: 7 | L36: 46175 | M36: 46114 | N36: 17.546 | Q36: 0
B37: L35 | C37: 9 | E37: 9 | F37: 0 | J37: 6 | K37: 0 | L37: 0-6 | N37: 9 | Q37: 0
B38: L36 | E38: 0 | F38: 0 | H38: v | J38: 6 | K38: 7 | L38: 46174 | M38: 46054 | N38: 0 | Q38: 0
B39: L37 | E39: 1 | F39: 1 | J39: 6 | K39: 0 | L39: 0-6 | M39: 0-8 | N39: 1 | Q39: 0
B40: L38 | C40: 25.5 | D40: 1.609 | E40: 24 | F40: 0.109 | H40: v | J40: 6 | K40: 7 | L40: 46175 | M40: 46114 | N40: 25.609 | Q40: 0
C41: 12 | D41: -2.25 | E41: 12 | F41: -2.25 | J41: 6 | K41: 7 | L41: 46175 | M41: 46054 | N41: 9.75 | Q41: 0
B42: L39 | C42: 9 | E42: 13 | F42: 4 | J42: 6 | K42: 7 | L42: 46174 | M42: 0-8 | N42: 13 | Q42: 0
B43: L40 | C43: 25.5 | D43: 0.793 | E43: 25 | F43: 0.293 | H43: v | J43: 6 | K43: 7 | L43: 46175 | M43: 46114 | N43: 25.793 | Q43: 0
B44: L41 | C44: 25.5 | D44: 1.868 | E44: 24 | F44: 0.368 | H44: v | J44: 6 | K44: 7 | L44: 46175 | M44: 46114 | N44: 25.868 | Q44: 0
B45: L42 | C45: 25.5 | D45: 1.539 | E45: 23 | F45: -0.961 | H45: v | J45: 6 | K45: 7 | L45: 46175 | M45: 46114 | N45: 24.539 | Q45: 0
B46: L43 | C46: 25.5 | D46: 0.784 | E46: 25 | F46: 0.284 | H46: v | J46: 6 | K46: 7 | L46: 46175 | M46: 46114 | N46: 25.784 | Q46: 0
B47: L44 | C47: 25.5 | D47: 6.44 | E47: 18 | F47: -1.06 | H47: v | J47: 6 | K47: 7 | L47: 46175 | M47: 46114 | N47: 24.44 | Q47: 0
B48: L45 | C48: 24.5 | D48: 13.195 | E48: 12 | F48: 0.695 | H48: a | J48: 6 | K48: 7 | L48: 46175 | M48: 46114 | N48: 25.195 | Q48: 0
B49: L46 | C49: 25.5 | D49: -0.911 | E49: 25 | F49: -1.411 | H49: v | J49: 6 | K49: 7 | L49: 46175 | M49: 46114 | N49: 24.089 | Q49: 0
B50: L47 | C50: 9 | D50: -1 | E50: 10 | F50: 0 | K50: 0 | L50: 0-6 | N50: 9 | Q50: 0
B51: L48 | C51: 18 | D51: 2.099 | E51: 16 | F51: 0.099 | H51: a | J51: 6 | K51: 7 | L51: 46175 | M51: 46082 | N51: 18.099 | Q51: 0
B52: L49 | C52: 24.5 | D52: 3.898 | E52: 21 | F52: 0.398 | H52: a | J52: 6 | K52: 7 | L52: 46175 | M52: 46114 | N52: 24.898 | Q52: 0
B53: L50 | C53: 22.5 | D53: 1.651 | E53: 21 | F53: 0.151 | H53: a | J53: 6 | K53: 7 | L53: 46175 | M53: 46114 | N53: 22.651 | Q53: 0
B54: L51 | C54: 9 | E54: 9 | F54: 0 | J54: 6 | K54: 0 | L54: 0-6 | N54: 9 | Q54: 0
B55: L52 | C55: 25.5 | D55: 0.339 | E55: 25 | F55: -0.161 | H55: v | J55: 6 | K55: 7 | L55: 46175 | M55: 46114 | N55: 25.339 | Q55: 0
E56: 0 | F56: 0 | J56: 6 | K56: 0 | N56: 0 | O56: x | Q56: 0
B57: L53 | C57: 15.5 | E57: 15 | F57: -0.5 | K57: 0 | N57: 15 | Q57: 0
B58: L54 | C58: 10 | E58: 10 | F58: 0 | K58: 0 | N58: 10 | Q58: 0
B59: L55 | C59: 25.5 | E59: 23.65 | F59: -1.85 | K59: 0 | N59: 23.65 | Q59: 0
B60: L56 | C60: 12.75 | E60: 10 | F60: -2.75 | K60: 0 | N60: 10 | Q60: 0
B61: L57 | C61: 25.5 | E61: 24.85 | F61: -0.65 | K61: 0 | N61: 24.85 | Q61: 0
B62: L58 | C62: 20 | D62: 3.952 | E62: 17 | F62: 0.952 | H62: a | J62: 6 | K62: 7 | L62: 46175 | M62: 46114 | N62: 20.952 | Q62: 0
B63: L59 | C63: 17.5 | D63: -1.118 | E63: 18 | F63: -0.618 | H63: a | J63: 6 | K63: 7 | L63: 46175 | M63: 46082 | N63: 16.882 | Q63: 0
B64: L60 | C64: 25.5 | D64: 0.865 | E64: 23.7 | F64: -0.935 | H64: v | J64: 6 | K64: 7 | L64: 46175 | M64: 46114 | N64: 24.565 | Q64: 0
B65: L61 | C65: 13 | D65: 0.476 | E65: 12 | F65: -0.524 | H65: a | J65: 6 | K65: 7 | L65: 46175 | M65: 46054 | N65: 12.476 | Q65: 0
B66: L62 | C66: 19.5 | D66: 0.685 | E66: 19 | F66: 0.185 | H66: a | J66: 6 | K66: 7 | L66: 46175 | M66: 46082 | N66: 19.685 | Q66: 0
B67: L63 | C67: 16 | D67: 2.433 | E67: 14 | F67: 0.433 | H67: a | J67: 6 | K67: 7 | L67: 46175 | M67: 46082 | N67: 16.433 | Q67: 0
B68: L64 | C68: 18 | D68: 2.587 | E68: 14.85 | F68: -0.563 | H68: a | J68: 6 | K68: 7 | L68: 46175 | M68: 46082 | N68: 17.437 | Q68: 0
D69: 0.22 | E69: 0 | F69: 0.22 | J69: 6 | K69: 7 | L69: 46175 | M69: 46114 | N69: 0.22 | O69: x | Q69: 0
B70: L65 | C70: 9 | E70: 9 | F70: 0 | J70: 6 | K70: 0 | L70: 0-6 | N70: 9 | Q70: 0
B71: L66 | C71: 25.5 | D71: 0.138 | E71: 25 | F71: -0.362 | H71: v | J71: 6 | K71: 7 | L71: 46175 | M71: 46114 | N71: 25.138 | Q71: 0
B72: L67 | E72: 0 | F72: 0 | H72: a | J72: 6 | K72: 7 | L72: 46175 | M72: 46054 | N72: 0 | Q72: 0
B73: L68 | C73: 13 | D73: 1.017 | E73: 12 | F73: 0.017 | H73: a | J73: 6 | K73: 7 | L73: 46175 | M73: 0-1 | N73: 13.017 | Q73: 0
B74: L69 | C74: 19 | D74: 2.287 | E74: 16 | F74: -0.713 | H74: a | J74: 5 | K74: 6 | L74: 46144 | M74: 46115 | N74: 18.287 | Q74: 0
B75: L70 | C75: 12.75 | D75: 0.416 | E75: 13 | F75: 0.666 | H75: a | J75: 6 | K75: 7 | L75: 46175 | M75: 0-1 | N75: 13.416 | Q75: 0
B76: L71 | C76: 16.5 | D76: 0.943 | E76: 14.85 | F76: -0.707 | H76: a | J76: 6 | K76: 7 | L76: 46175 | M76: 46082 | N76: 15.793 | Q76: 0
B77: L72 | C77: 25.5 | D77: 0.016 | E77: 25 | F77: -0.484 | H77: v | J77: 6 | K77: 7 | L77: 46175 | M77: 46114 | N77: 25.016 | Q77: 0
B78: L73 | C78: 25 | D78: 2.924 | E78: 22 | F78: -0.076 | H78: a | J78: 6 | K78: 7 | L78: 46175 | M78: 46114 | N78: 24.924 | Q78: 0
B79: L74 | C79: 16 | D79: 1.159 | E79: 16 | F79: 1.159 | H79: a | J79: 6 | K79: 7 | L79: 46175 | M79: 46054 | N79: 17.159 | Q79: 0
B80: L75 | E80: 1 | F80: 1 | J80: 6 | K80: 0 | L80: 0-6 | M80: 0-8 | N80: 1 | Q80: 0
B81: L76 | C81: 25.5 | D81: 6.076 | E81: 19 | F81: -0.424 | J81: 6 | K81: 7 | L81: 46144 | M81: 46054 | N81: 25.076 | Q81: 9
B82: L77 | C82: 25.5 | D82: 1.003 | E82: 25 | F82: 0.503 | H82: v | J82: 6 | K82: 7 | L82: 46175 | M82: 46114 | N82: 26.003 | Q82: 0
B83: L78 | C83: 25.5 | D83: -0.652 | E83: 25 | F83: -1.152 | H83: v | J83: 6 | K83: 7 | L83: 46175 | M83: 46145 | N83: 24.348 | Q83: 0
B84: L79 | C84: 25.5 | D84: 13.803 | E84: 12 | F84: 0.303 | H84: v | J84: 6 | K84: 7 | L84: 46175 | M84: 46144 | N84: 25.803 | Q84: 0
B85: L80 | C85: 20 | D85: 1.365 | E85: 19 | F85: 0.365 | H85: a | J85: 6 | K85: 7 | L85: 46175 | M85: 46114 | N85: 20.365 | Q85: 0
B86: L81 | C86: 25.5 | D86: 0.935 | E86: 24 | F86: -0.565 | H86: v | J86: 6 | K86: 7 | L86: 46175 | M86: 46114 | N86: 24.935 | Q86: 0
B87: L82 | C87: 16 | D87: 2.673 | E87: 14 | F87: 0.673 | H87: a | J87: 6 | K87: 7 | L87: 46175 | M87: 46082 | N87: 16.673 | Q87: 0
B88: L84 | C88: 25.5 | D88: 22.969 | E88: 3 | F88: 0.469 | H88: v | J88: 6 | K88: 7 | L88: 46175 | M88: 0-1 | N88: 25.969 | Q88: 0
B89: L83 | C89: 21.5 | D89: 14.901 | E89: 6 | F89: -0.599 | H89: a | J89: 6 | K89: 7 | L89: 0-6 | M89: 43101 | N89: 20.901 | Q89: 0
B90: L85 | C90: 9 | D90: -1 | E90: 10 | F90: 0 | J90: 6 | K90: 0 | L90: 0-6 | N90: 9 | Q90: 0
B91: L86 | C91: 18 | D91: 0.21 | E91: 17.75 | F91: -0.04 | H91: a | J91: 6 | K91: 7 | L91: 46175 | M91: 46082 | N91: 17.96 | Q91: 0
B92: L87 | C92: 25.5 | D92: 3.371 | E92: 22 | F92: -0.129 | H92: v | J92: 6 | K92: 7 | L92: 46175 | M92: 46114 | N92: 25.371 | Q92: 0
B93: L88 | E93: 0 | F93: 0 | K93: 0 | N93: 0 | O93: x | Q93: 9
B94: L89 | E94: 0 | F94: 0 | K94: 0 | N94: 0 | O94: x | Q94: 9
B95: L90 | E95: 0 | F95: 0 | K95: 0 | N95: 0 | O95: x | Q95: 9
B96: L91 | E96: 0 | F96: 0 | K96: 0 | N96: 0 | O96: x | Q96: 9
B97: L92 | E97: 0 | F97: 0 | K97: 0 | N97: 0 | O97: x | Q97: 9
B98: L93 | E98: 0 | F98: 0 | K98: 0 | N98: 0 | O98: x | Q98: 9
B99: L94 | E99: 0 | F99: 0 | K99: 0 | N99: 0 | O99: x | Q99: 9
B100: L95 | E100: 0 | F100: 0 | K100: 0 | N100: 0 | O100: x | Q100: 9
...

Sheet ZWL
A1: A-M | B1: 1
A2: Stunde | B2: Mo | C2: Di | D2: Mi | E2: Do | F2: Fr
A3: 1
A4: 2
A5: 3
A6: 4
A7: 5
A8: 6 | C8: -3
A9: 7 | C9: -3
A10: 8 | C10: -3
A11: 9 | C11: -3
A12: 10 | C12: -3
A13: 11 | C13: -3
A16: Ar | B16: 1
A17: Stunde | B17: Mo | C17: Di | D17: Mi | E17: Do | F17: Fr
A18: 1
A19: 2
A20: 3
A21: 4
A22: 5
A23: 6
A24: 7
A25: 8
A26: 9
A27: 10
A28: 11
A31: Ba | B31: 1
A32: Stunde | B32: Mo | C32: Di | D32: Mi | E32: Do | F32: Fr
A33: 1 | C33: -3
A34: 2 | C34: -3
A35: 3 | C35: -3
A36: 4 | C36: -3
A37: 5 | C37: -3
A38: 6 | C38: -3
A39: 7 | E39: -2 | F39: -2
A40: 8 | E40: -2 | F40: -2
A41: 9 | E41: -2 | F41: -2
A42: 10 | E42: -2 | F42: -2
A43: 11 | E43: -2 | F43: -2
A46: Bar
A47: Stunde | B47: Mo | C47: Di | D47: Mi | E47: Do | F47: Fr
A48: 1 | B48: -3 | F48: -3
A49: 2
A50: 3
A51: 4
A52: 5
A53: 6
A54: 7
A55: 8
A56: 9
A57: 10
A58: 11
A61: Bch
A62: Stunde | B62: Mo | C62: Di | D62: Mi | E62: Do | F62: Fr
A63: 1
A64: 2
A65: 3
A66: 4
A67: 5
A68: 6
A69: 7
A70: 8
A71: 9
A72: 10
A73: 11
A76: Ber | B76: 1
A77: Stunde | B77: Mo | C77: Di | D77: Mi | E77: Do | F77: Fr
A78: 1
A79: 2
A80: 3
A81: 4
A82: 5
A83: 6
A84: 7
A85: 8 | C85: -2 | D85: -2 | E85: -2 | F85: -2
A86: 9 | C86: -2 | D86: -2 | E86: -2 | F86: -2
A87: 10 | C87: -2 | D87: -2 | E87: -2 | F87: -2
A88: 11 | C88: -2 | D88: -2 | E88: -2 | F88: -2
A91: Bg
A92: Stunde | B92: Mo | C92: Di | D92: Mi | E92: Do | F92: Fr
A93: 1
A94: 2
A95: 3 | F95: -1
A96: 4 | F96: -1
A97: 5 | F97: -3
A98: 6 | F98: -3
A99: 7 | B99: -1 | C99: -1 | D99: -1 | E99: -1 | F99: -3
A100: 8 | B100: -1 | C100: -1 | D100: -1 | E100: -1 | F100: -3
A101: 9 | B101: -1 | C101: -1 | D101: -1 | E101: -1 | F101: -3
A102: 10 | B102: -1 | C102: -1 | D102: -1 | E102: -1 | F102: -3
A103: 11 | B103: -1 | C103: -1 | D103: -1 | E103: -1 | F103: -3
A106: Bk
A107: Stunde | B107: Mo | C107: Di | D107: Mi | E107: Do | F107: Fr
A108: 1 | B108: -3
A109: 2 | B109: -3
A110: 3
A111: 4
A112: 5
A113: 6
A114: 7
...

Sheet ZWK
A1: 05A
A2: Stunde | B2: Mo | C2: Di | D2: Mi | E2: Do | F2: Fr
A3: 1
A4: 2
A5: 3
A6: 4
A7: 5
A8: 6
A9: 7 | B9: -3 | D9: -3 | E9: -3 | F9: -3
A10: 8 | B10: -3 | C10: -3 | D10: -3 | E10: -3 | F10: -3
A11: 9 | B11: -3 | C11: -3 | D11: -3 | E11: -3 | F11: -3
A12: 10 | B12: -3 | C12: -3 | D12: -3 | E12: -3 | F12: -3
A13: 11 | B13: -3 | C13: -3 | D13: -3 | E13: -3 | F13: -3
A16: 05B
A17: Stunde | B17: Mo | C17: Di | D17: Mi | E17: Do | F17: Fr
A18: 1
A19: 2
A20: 3
A21: 4
A22: 5
A23: 6
A24: 7 | B24: -3 | D24: -3 | E24: -3 | F24: -3
A25: 8 | B25: -3 | C25: -3 | D25: -3 | E25: -3 | F25: -3
A26: 9 | B26: -3 | C26: -3 | D26: -3 | E26: -3 | F26: -3
A27: 10 | B27: -3 | C27: -3 | D27: -3 | E27: -3 | F27: -3
A28: 11 | B28: -3 | C28: -3 | D28: -3 | E28: -3 | F28: -3
A31: 05C
A32: Stunde | B32: Mo | C32: Di | D32: Mi | E32: Do | F32: Fr
A33: 1
A34: 2
A35: 3
A36: 4
A37: 5
A38: 6
A39: 7 | B39: -3 | D39: -3 | E39: -3 | F39: -3
A40: 8 | B40: -3 | C40: -3 | D40: -3 | E40: -3 | F40: -3
A41: 9 | B41: -3 | C41: -3 | D41: -3 | E41: -3 | F41: -3
A42: 10 | B42: -3 | C42: -3 | D42: -3 | E42: -3 | F42: -3
A43: 11 | B43: -3 | C43: -3 | D43: -3 | E43: -3 | F43: -3
A46: 05D
A47: Stunde | B47: Mo | C47: Di | D47: Mi | E47: Do | F47: Fr
A48: 1
A49: 2
A50: 3
A51: 4
A52: 5
A53: 6
A54: 7 | B54: -3 | D54: -3 | E54: -3 | F54: -3
A55: 8 | B55: -3 | C55: -3 | D55: -3 | E55: -3 | F55: -3
A56: 9 | B56: -3 | C56: -3 | D56: -3 | E56: -3 | F56: -3
A57: 10 | B57: -3 | C57: -3 | D57: -3 | E57: -3 | F57: -3
A58: 11 | B58: -3 | C58: -3 | D58: -3 | E58: -3 | F58: -3
A61: 06A
A62: Stunde | B62: Mo | C62: Di | D62: Mi | E62: Do | F62: Fr
A63: 1
A64: 2
A65: 3
A66: 4
A67: 5
A68: 6
A69: 7 | B69: -3 | C69: -3 | D69: -3 | E69: -3 | F69: -3
A70: 8 | B70: -3 | C70: -3 | D70: -3 | E70: -3 | F70: -3
A71: 9 | B71: -3 | C71: -3 | D71: -3 | E71: -3 | F71: -3
A72: 10 | B72: -3 | C72: -3 | D72: -3 | E72: -3 | F72: -3
A73: 11 | B73: -3 | C73: -3 | D73: -3 | E73: -3 | F73: -3
A76: 06B
A77: Stunde | B77: Mo | C77: Di | D77: Mi | E77: Do | F77: Fr
A78: 1
A79: 2
A80: 3
A81: 4
A82: 5
A83: 6
A84: 7 | B84: -3 | C84: -3 | D84: -3 | E84: -3 | F84: -3
A85: 8 | B85: -3 | C85: -3 | D85: -3 | E85: -3 | F85: -3
A86: 9 | B86: -3 | C86: -3 | D86: -3 | E86: -3 | F86: -3
A87: 10 | B87: -3 | C87: -3 | D87: -3 | E87: -3 | F87: -3
A88: 11 | B88: -3 | C88: -3 | D88: -3 | E88: -3 | F88: -3
A91: 06C
A92: Stunde | B92: Mo | C92: Di | D92: Mi | E92: Do | F92: Fr
A93: 1
A94: 2
A95: 3
A96: 4
A97: 5
A98: 6
A99: 7 | B99: -3 | C99: -3 | D99: -3 | E99: -3 | F99: -3
A100: 8 | B100: -3 | C100: -3 | D100: -3 | E100: -3 | F100: -3
A101: 9 | B101: -3 | C101: -3 | D101: -3 | E101: -3 | F101: -3
A102: 10 | B102: -3 | C102: -3 | D102: -3 | E102: -3 | F102: -3
A103: 11 | B103: -3 | C103: -3 | D103: -3 | E103: -3 | F103: -3
A106: 06D
A107: Stunde | B107: Mo | C107: Di | D107: Mi | E107: Do | F107: Fr
A108: 1
A109: 2
A110: 3
A111: 4
A112: 5
A113: 6
A114: 7 | B114: -3 | C114: -3 | D114: -3 | E114: -3 | F114: -3
...

Sheet Diag
A1: Lehrer | B1: oT_1 | K1: oT_2 | T1: Plan
A2: Lehrer | B2: Hohlstd. | C2: Soll min | D2: Soll max | E2: DoppelHohl | F2: DreiHohl | G2: Max Folge | H2: Folge max | I2: Einzelstd. | K2: Hohlstd. | L2: Soll min | M2: Soll max | N2: DoppelHohl | O2: DreiHohl | P2: Max Folge | Q2: Folge max | R2: Einzelstd. | T2: Hohlstd. | U2: Soll min | V2: Soll max | W2: DoppelHohl | X2: DreiHohl | Y2: Max Folge | Z2: Folge max | AA2: Einzelstd.
A3: A-M | B3: 4 | C3: – | D3: – | E3: 0 | F3: 1 | G3: 4 | H3: – | I3: 1 | K3: 4 | L3: – | M3: – | N3: 0 | O3: 1 | P3: 4 | Q3: – | R3: 1 | T3: 2 | U3: – | V3: – | W3: 1 | X3: 0 | Y3: 2 | Z3: – | AA3: 0
A4: An | B4: 0 | C4: – | D4: – | E4: 0 | F4: 0 | G4: 2 | H4: – | I4: 1 | K4: 0 | L4: – | M4: – | N4: 0 | O4: 0 | P4: 2 | Q4: – | R4: 1 | T4: 0 | U4: – | V4: – | W4: 0 | X4: 0 | Y4: 2 | Z4: – | AA4: 1
A5: Ar | B5: 0 | C5: – | D5: – | E5: 0 | F5: 0 | G5: 3 | H5: – | I5: 1 | K5: 0 | L5: – | M5: – | N5: 0 | O5: 0 | P5: 3 | Q5: – | R5: 1 | T5: 2 | U5: – | V5: – | W5: 1 | X5: 0 | Y5: 2 | Z5: – | AA5: 0
A6: Ba | B6: 0 | C6: – | D6: – | E6: 0 | F6: 0 | G6: 2 | H6: – | I6: 1 | K6: 0 | L6: – | M6: – | N6: 0 | O6: 0 | P6: 2 | Q6: – | R6: 1 | T6: 0 | U6: – | V6: – | W6: 0 | X6: 0 | Y6: 2 | Z6: – | AA6: 1
A7: Bar | B7: 2 | C7: – | D7: – | E7: 1 | F7: 0 | G7: 4 | H7: – | I7: 0 | K7: 2 | L7: – | M7: – | N7: 1 | O7: 0 | P7: 4 | Q7: – | R7: 0 | T7: 3 | U7: – | V7: – | W7: 1 | X7: 0 | Y7: 3 | Z7: – | AA7: 0
A8: Bch | B8: 6 | C8: – | D8: – | E8: 0 | F8: 1 | G8: 2 | H8: – | I8: 0 | K8: 6 | L8: – | M8: – | N8: 0 | O8: 1 | P8: 2 | Q8: – | R8: 0 | T8: 2 | U8: – | V8: – | W8: 1 | X8: 0 | Y8: 2 | Z8: – | AA8: 0
A9: Ber | B9: 4 | C9: – | D9: – | E9: 0 | F9: 1 | G9: 3 | H9: – | I9: 0 | K9: 4 | L9: – | M9: – | N9: 0 | O9: 1 | P9: 3 | Q9: – | R9: 1 | T9: 0 | U9: – | V9: – | W9: 0 | X9: 0 | Y9: 2 | Z9: – | AA9: 1
A10: Bg | B10: 5 | C10: – | D10: – | E10: 0 | F10: 1 | G10: 4 | H10: – | I10: 0 | K10: 5 | L10: – | M10: – | N10: 0 | O10: 1 | P10: 4 | Q10: – | R10: 0 | T10: 5 | U10: – | V10: – | W10: 1 | X10: 1 | Y10: 3 | Z10: – | AA10: 1
A11: Bl | B11: 4 | C11: – | D11: – | E11: 0 | F11: 0 | G11: 6 | H11: – | I11: 0 | K11: 4 | L11: – | M11: – | N11: 0 | O11: 0 | P11: 6 | Q11: – | R11: 0 | T11: 4 | U11: – | V11: – | W11: 0 | X11: 1 | Y11: 4 | Z11: – | AA11: 0
A12: Br | B12: 5 | C12: – | D12: – | E12: 2 | F12: 0 | G12: 3 | H12: – | I12: 0 | K12: 5 | L12: – | M12: – | N12: 2 | O12: 0 | P12: 3 | Q12: – | R12: 0 | T12: 2 | U12: – | V12: – | W12: 0 | X12: 0 | Y12: 5 | Z12: – | AA12: 2
A13: Bra | B13: 4 | C13: – | D13: – | E13: 0 | F13: 1 | G13: 2 | H13: – | I13: 1 | K13: 4 | L13: – | M13: – | N13: 0 | O13: 1 | P13: 2 | Q13: – | R13: 1 | T13: 4 | U13: – | V13: – | W13: 0 | X13: 1 | Y13: 3 | Z13: – | AA13: 0
A14: Brb | B14: 1 | C14: – | D14: – | E14: 0 | F14: 0 | G14: 2 | H14: – | I14: 1 | K14: 1 | L14: – | M14: – | N14: 0 | O14: 0 | P14: 2 | Q14: – | R14: 1 | T14: 0 | U14: – | V14: – | W14: 0 | X14: 0 | Y14: 2 | Z14: – | AA14: 1
... A75: Ya | B75: 2 | C75: – | D75: – | E75: 1 | F75: 0 | G75: 2 | H75: – | I75: 2 | K75: 2 | L75: – | M75: – | N75: 1 | O75: 0 | P75: 2 | Q75: – | R75: 2 | T75: 4 | U75: – | V75: – | W75: 0 | X75: 1 | Y75: 2 | Z75: – | AA75: 2
A76: Summe | B76: 165 | E76: 18 | F76: 19 | I76: 49 | K76: 167 | N76: 16 | O76: 20 | R76: 49 | T76: 110 | W76: 10 | X76: 18 | AA76: 50

Sheet Lös
A1: WTag | B1: Stunde | C1: oT_1 | D1: oT_2 | E1: Plan | F1: oT_1v | G1: OhneTausch_1_verbessert | H1: UNrPlan
A2: Mo | B2: 1 | C2: 1464, 1388, 1327, 232 | D2: 1464, 1388, 1327, 232 | E2: 1505, 1400, 1367, 232 | F2: 1505, 1426, 1325, 232 | G2: 1505, 1400, 1367, 232 | H2: 1367, 1400, 1505, 232
A3: Mo | B3: 2 | C3: 1464, 1396, 1327 | D3: 1464, 1396, 1327 | E3: 1505, 1400, 1367 | F3: 721, 1385, 1361 | G3: 1505, 1400, 1367 | H3: 1367, 1400, 1505
A4: Mo | B4: 3 | C4: 1572, 1385, 1311 | D4: 1572, 1385, 1311 | E4: 1475, 1385, 1327 | F4: 755, 87, 1464, 1400, 1311 | G4: 573, 1475, 1385, 1327 | H4: 1327, 1385, 1475, 154
A5: Mo | B5: 4 | C5: 1572, 1385, 1311 | D5: 1572, 1385, 1311 | E5: 1475, 1385, 1327 | F5: 1403, 1313 | G5: 721, 1475, 1385, 1327 | H5: 1327, 1385, 1475, 154
A6: Mo | B6: 5 | C6: 755, 1550, 1429, 1353 | D6: 755, 1550, 1429, 1353 | E6: 1517, 1432, 1357 | F6: 87, 1400, 1311 | G6: 55, 1517, 1432, 1357 | H6: 1357, 1432, 1517
A7: Mo | B7: 6 | C7: 1550, 1429, 1357 | D7: 1550, 1429, 1357 | E7: 1473, 1426, 1325 | F7: 1478, 1313 | G7: 755, 1473, 1426, 1325 | H7: 1325, 1426, 1473
A8: Mo | B8: 7 | C8: 1525, 1440, 1375 | D8: 1525, 1440, 1375 | E8: 1473, 1396, 1325 | F8: 1493, 1432 | G8: 1473, 1396, 1325 | H8: 1325, 1396, 1473
A9: Mo | B9: 8 | C9: 1739, 1566, 1092, 1740, 1339 | D9: 1739, 1566, 1092, 1740, 1339 | E9: 1739, 1566, 1092, 1740, 1339 | F9: 1739, 1566, 1092, 1740, 1339 | G9: 1739, 1566, 1092, 1740, 1339 | H9: 1339, 1740, 1092, 1566, 1739
A10: Mo | B10: 9 | C10: 1739, 1566, 1092, 1740, 1339 | D10: 1739, 1566, 1092, 1740, 1339 | E10: 1739, 1566, 1092, 1740, 1339 | F10: 1739, 1566, 1092, 1740, 1339 | G10: 1739, 1566, 1092, 1740, 1339 | H10: 1339, 1740, 1092, 1566, 1739
A11: Mo | B11: 10 | F11: 1475, 1380, 1319
A12: Mo | B12: 11 | F12: 1480, 1376
A13: Di | B13: 1 | C13: 1211, 1510, 1403, 1367, 83 | D13: 1211, 87, 1510, 1403, 1367, 83 | E13: 1211, 1478, 1449, 1359, 83 | F13: 1211, 1473, 1367, 83 | G13: 1211, 1478, 1449, 1359, 83 | H13: 1211, 1359, 1449, 1478, 83
A14: Di | B14: 2 | C14: 87, 573, 1468, 1376, 1367 | D14: 87, 573, 1468, 1376, 1367 | E14: 1463, 1429, 1311 | F14: 755, 1489, 1367 | G14: 721, 1463, 1429, 1311 | H14: 1311, 1429, 1463
A15: Di | B15: 3 | C15: 755, 1473, 1376, 1319 | D15: 755, 1473, 1376, 1319 | E15: 1727, 1463, 1429, 1311 | F15: 1440, 1315 | G15: 1727, 1463, 1429, 1311 | H15: 1727, 1311, 1429, 1463, 24
A16: Di | B16: 4 | C16: 1473, 1449, 1319 | D16: 1473, 1449, 1319 | E16: 1488, 1380, 1355 | F16: 1475, 1384, 1331 | G16: 755, 1488, 1380, 1355 | H16: 1355, 1380, 1488, 24
A17: Di | B17: 5 | C17: 1727, 1480, 1392, 1311 | D17: 1727, 1480, 1392, 1311 | E17: 1555, 1435, 1313 | F17: 1406, 1327 | G17: 87, 1555, 1435, 1313 | H17: 1313, 1435, 1555, 223
A18: Di | B18: 6 | C18: 721, 1498, 1392, 1311 | D18: 721, 1498, 1392, 1311 | E18: 1498, 1435, 1313 | F18: 1555, 1406, 1327 | G18: 1498, 1435, 1313 | H18: 1313, 1435, 1498, 223
A19: Di | B19: 7 | C19: 1733, 1488, 1426, 1363 | D19: 1733, 1488, 1426, 1363 | F19: 1733, 1388 | G19: 1733, 1525, 1403, 1363
A20: Di | B20: 8 | C20: 1650, 904, 1462, 1341 | D20: 1650, 904, 1462, 1341 | E20: 1341 | F20: 1650, 904, 1462, 1341 | G20: 1650, 904, 1462, 1341 | H20: 1341
A21: Di | B21: 9 | C21: 1650, 904, 1462, 1341 | D21: 1650, 904, 1462, 1341 | E21: 1341 | F21: 1650, 904, 1462, 1341 | G21: 1650, 904, 1462, 1341 | H21: 1341
A22: Di | B22: 10 | F22: 1505, 1385
A23: Di | B23: 11 | F23: 1510, 1389, 1373
A24: Mi | B24: 1 | C24: 1727, 1483, 1435, 1325, 83 | D24: 1727, 1483, 1435, 1325, 83 | E24: 1727, 1489, 1384, 1319, 83 | F24: 1727, 1483, 1435, 1329, 83 | G24: 1727, 1489, 1384, 1319, 83 | H24: 1727, 1319, 1384, 1489, 83
A25: Mi | B25: 2 | C25: 1483, 1435, 1325 | D25: 1483, 1435, 1325 | E25: 1489, 1384, 1319 | F25: 1483, 1435, 1329 | G25: 1489, 1384, 1319 | H25: 1319, 1384, 1489
A26: Mi | B26: 3 | C26: 721, 1499, 1389, 1331 | D26: 721, 1499, 1389, 1331 | E26: 1211, 1499, 1393, 1351 | F26: 87, 1489, 1397 | G26: 1211, 1499, 1393, 1351 | H26: 1211, 1351, 1393, 1499
A27: Mi | B27: 4 | C27: 569, 1469, 1406, 1347 | D27: 569, 1469, 1406, 1347 | E27: 1572, 1393, 1315 | F27: 721, 1488, 1422 | G27: 1572, 1393, 1315 | H27: 1315, 1393, 1572
A28: Mi | B28: 5 | C28: 55, 1463, 1406, 1323 | D28: 55, 1463, 1406, 1323 | E28: 1572, 1406, 1315 | F28: 1393, 1317 | G28: 1572, 1406, 1315 | H28: 1315, 1406, 1572, 1110, 1193, 3
A29: Mi | B29: 6 | C29: 1211, 1463, 1432, 1323 | D29: 1211, 1463, 1432, 1323 | E29: 1468, 1406, 1331 | F29: 55, 1422, 1311 | G29: 1468, 1406, 1331 | H29: 1331, 1406, 1468, 1110, 1193, 3
A30: Mi | B30: 7 | C30: 1517, 1397, 1351 | D30: 1517, 1397, 1351 | E30: 1480, 1440, 1321 | F30: 1445 | G30: 1480, 1440, 1321 | H30: 1321, 1440, 1480
A31: Mi | B31: 8 | C31: 1361 | D31: 1361 | E31: 1321 | F31: 1393, 1351 | G31: 1321 | H31: 1321
A32: Mi | B32: 9 | F32: 1494, 1396, 1311
A33: Mi | B33: 10 | F33: 1464, 1445, 1347
A34: Mi | B34: 11 | F34: 1469, 1449, 1315
A35: Do | B35: 1 | C35: 87, 1493, 1406, 1313, 156 | D35: 87, 1505, 1406, 1313, 156 | E35: 1510, 1411, 1375, 156 | F35: 1473, 1406, 156 | G35: 1510, 1411, 1375, 156 | H35: 1375, 1411, 1510, 110, 156
A36: Do | B36: 2 | C36: 87, 1493, 1406, 1313 | D36: 1505, 1406, 1313 | E36: 1494, 1388, 1311 | F36: 573, 1550, 1406 | G36: 1494, 1388, 1311 | H36: 1311, 1388, 1494, 110, 18
A37: Do | B37: 3 | C37: 569, 1494, 1384, 1317 | D37: 569, 1494, 1384, 1317 | E37: 1494, 1392, 1311 | F37: 569, 1550, 1411 | G37: 569, 1494, 1392, 1311 | H37: 1311, 1392, 1494, 118, 18
A38: Do | B38: 4 | C38: 569, 1494, 1384, 1317 | D38: 569, 1494, 1384, 1317 | E38: 1483, 1392, 1329 | F38: 55, 1517 | G38: 569, 1483, 1392, 1329 | H38: 1329, 1392, 1483, 159, 118
A39: Do | B39: 5 | C39: 1505, 1400, 1315 | D39: 1489, 1400, 1315 | E39: 1483, 1445, 1329 | F39: 1572, 1392, 1313 | G39: 1483, 1445, 1329 | H39: 1329, 1445, 1483, 1181, 159
A40: Do | B40: 6 | C40: 1505, 1400, 1315 | D40: 1489, 1400, 1315 | E40: 1464, 1445, 1347 | F40: 1572, 1392, 1313 | G40: 1464, 1445, 1347 | H40: 1347, 1445, 1464, 1181
A41: Do | B41: 7 | C41: 1555, 1393, 1321 | D41: 1555, 1393, 1321 | E41: 1464, 1376, 1317 | F41: 1435, 1357 | G41: 1464, 1376, 1317 | H41: 1317, 1376, 1464
A42: Do | B42: 8 | C42: 1393, 1321 | D42: 1393, 1321 | E42: 1376, 1317 | F42: 1463, 1375 | G42: 1376, 1317 | H42: 1317, 1376, 595, 306, 603
A43: Do | B43: 9 | C43: 1380 | D43: 1380 | E43: 1397 | F43: 1468, 1435, 1321 | G43: 1397 | H43: 1397, 595, 306, 603
A44: Do | B44: 10 | F44: 1463, 1355
A45: Do | B45: 11 | F45: 1321
A46: Fr | B46: 1 | C46: 1520, 1435, 1313, 156 | D46: 1520, 1435, 1313, 156 | E46: 1493, 1422, 1313, 156 | F46: 1429, 1363, 156 | G46: 1493, 1422, 1313, 156 | H46: 1313, 1422, 1493, 156
A47: Fr | B47: 2 | C47: 1520, 1435, 1313 | D47: 1520, 1435, 1313 | E47: 1493, 1422, 1313 | F47: 573, 1520, 1429, 1359 | G47: 87, 1493, 1422, 1313 | H47: 1313, 1422, 1493, 144
A48: Fr | B48: 3 | C48: 573, 1475, 1422, 1373 | D48: 573, 1475, 1422, 1373 | E48: 1469, 1406, 1373 | F48: 569, 1520, 1325 | G48: 87, 573, 1469, 1406, 1373 | H48: 1373, 1406, 1469, 144
A49: Fr | B49: 4 | C49: 55, 1475, 1422, 1359 | D49: 55, 1475, 1422, 1359 | E49: 1550, 1406, 1361 | F49: 1211, 569, 1499, 1317 | G49: 55, 569, 1550, 1406, 1361 | H49: 1361, 1406, 1550, 1183, 360
A50: Fr | B50: 5 | C50: 1489, 1445, 1329 | D50: 1493, 1445, 1329 | E50: 1550, 1435, 1323 | F50: 1727, 1525, 1323 | G50: 1550, 1435, 1323 | H50: 1323, 1435, 1550, 1183, 360
A51: Fr | B51: 6 | C51: 1489, 1445, 1329 | D51: 1493, 1445, 1329 | E51: 1520, 1435, 1323 | F51: 1494, 1376, 1323 | G51: 1520, 1435, 1323 | H51: 1323, 1435, 1520
A52: Fr | B52: 7 | C52: 1478, 1411, 1355 | D52: 1478, 1411, 1355 | E52: 1520, 1389, 1353 | G52: 1520, 1389, 1353 | H52: 1353, 1389, 1520
A53: Fr | B53: 8 | C53: 385, 780, 1741, 1343 | D53: 385, 780, 1741, 1343 | E53: 385, 780, 1741, 1343 | F53: 385, 780, 1741, 1343 | G53: 385, 780, 1741, 1343 | H53: 1343, 1741, 385, 780
A54: Fr | B54: 9 | C54: 385, 780, 1741, 1343 | D54: 385, 780, 1741, 1343 | E54: 385, 780, 1741, 1343 | F54: 385, 780, 1741, 1343 | G54: 385, 780, 1741, 1343 | H54: 1343, 1741, 385, 780
A55: Fr | B55: 10 | F55: 1493, 1353
A56: Fr | B56: 11 | F56: 1498, 1384, 1319
A58: Qualität | C58: -724 | D58: -724 | E58: -4455 | F58: -2553 | G58: -127 | H58: -5038 | Q58: 26987 | R58: 26987 | S58: 26987 | T58: 26987 | U58: 26987 | V58: 26987 | W58: 26987 | X58: 26987 | Y58: 26987 | Z58: 26987 | AA58: 26987 | AB58: 26987 | AC58: 26987

Sheet Rank
A1: Plan | B1: Label | C1: Qualität | D1: frühe Doppel | E1: späte Doppel | F1: päd. Einheiten spät | G1: Hohlstunden | H1: Doppelhohlstunden | I1: Dreifachhohlstunden | J1: Einzelstunden | K1: späte LK-Stunden | L1: Hauptfach zu spät | M1: Details späte päd. Einheiten
A2: 1 | B2: OhneTausch_1 | C2: -5331 | D2: 35 | E2: 18 | F2: 13 | G2: 166 | H2: 16 | I2: 22 | J2: 47 | K2: 0 | L2: 0 | M2: EF | UNr 1520 | GK03 EF | UNr 1650 | GK15 EF | UNr 1475 | GK10 EF | UNr 1464 | GK11 EF | UNr 1739 | GK14 Q1 | UNr 1376 | GK05 Q1 | UNr 1393 | GK02 Q1 | UNr 904 | GK10 Q1 | UNr 1092 | GK11 Q2 | UNr 1321 | GK04 Q2 | UNr 1313 | LK01 Q2 | UNr 1341 | GK13 Q2 | UNr 1740 | GK10
A3: 2 | B3: OhneTausch_2 | C3: -5038 | D3: 39 | E3: 14 | F3: 12 | G3: 153 | H3: 16 | I3: 20 | J3: 65 | K3: 1 | L3: 0 | M3: EF | UNr 1650 | GK15 EF | UNr 1464 | GK11 EF | UNr 1739 | GK14 Q1 | UNr 1400 | GK06 Q1 | UNr 1435 | LK02 Q1 | UNr 904 | GK10 Q1 | UNr 1092 | GK11 Q2 | UNr 1323 | GK05 Q2 | UNr 1311 | LK02 Q2 | UNr 1313 | LK01 Q2 | UNr 1341 | GK13 Q2 | UNr 1740 | GK10
A4: 3 | B4: UNrPlan | C4: -4455 | D4: 31 | E4: 17 | F4: 13 | G4: 110 | H4: 10 | I4: 18 | J4: 50 | K4: 0 | L4: 0 | M4: EF | UNr 1473 | GK05 EF | UNr 1520 | GK03 EF | UNr 1464 | GK11 EF | UNr 1739 | GK14 Q1 | UNr 1376 | GK05 Q1 | UNr 1435 | LK02 Q1 | UNr 1092 | GK11 Q1 | UNr 385 | GK10 Q2 | UNr 1325 | GK06 Q2 | UNr 1321 | GK04 Q2 | UNr 1317 | GK02 Q2 | UNr 1341 | GK13 Q2 | UNr 1740 | GK10

Sheet Verl

Sheet ChkFix
A1: Kategorie | B1: Tag | C1: Stunde | D1: UNr | E1: Lehrer/Klasse | F1: Fach/ZeilenText | G1: Details
A2: ✓ Keine Verletzungen gefunden

Sheet Tausch

Sheet Rang
A1: Plan | B1: Label | C1: Qualität | D1: frühe Doppel | E1: späte Doppel | F1: päd. Einheiten spät | G1: Hohlstunden | H1: Doppelhohlstunden | I1: Dreifachhohlstunden | J1: Einzelstunden | K1: späte LK-Stunden | L1: Hauptfach zu spät | M1: Details späte päd. Einheiten
A2: 1 | B2: oT_1 | C2: -4725 | D2: 38 | E2: 15 | F2: 13 | G2: 165 | H2: 18 | I2: 19 | J2: 49 | K2: 0 | L2: 0 | M2: EF | UNr 1489 | GK12 EF | UNr 1550 | GK09 EF | UNr 1650 | GK15 EF | UNr 1739 | GK14 Q1 | UNr 1429 | GK03 Q1 | UNr 1393 | GK02 Q1 | UNr 904 | GK10 Q1 | UNr 1092 | GK11 Q2 | UNr 1323 | GK05 Q2 | UNr 1329 | GK08 Q2 | UNr 1321 | GK04 Q2 | UNr 1341 | GK13 Q2 | UNr 1740 | GK10
A3: 2 | B3: oT_2 | C3: -4917 | D3: 38 | E3: 15 | F3: 14 | G3: 167 | H3: 16 | I3: 20 | J3: 49 | K3: 0 | L3: 0 | M3: EF | UNr 1493 | GK04 EF | UNr 1489 | GK12 EF | UNr 1550 | GK09 EF | UNr 1650 | GK15 EF | UNr 1739 | GK14 Q1 | UNr 1429 | GK03 Q1 | UNr 1393 | GK02 Q1 | UNr 904 | GK10 Q1 | UNr 1092 | GK11 Q2 | UNr 1323 | GK05 Q2 | UNr 1329 | GK08 Q2 | UNr 1321 | GK04 Q2 | UNr 1341 | GK13 Q2 | UNr 1740 | GK10
A4: 3 | B4: Plan | C4: -4455 | D4: 31 | E4: 17 | F4: 13 | G4: 110 | H4: 10 | I4: 18 | J4: 50 | K4: 0 | L4: 0 | M4: EF | UNr 1473 | GK05 EF | UNr 1520 | GK03 EF | UNr 1464 | GK11 EF | UNr 1739 | GK14 Q1 | UNr 1376 | GK05 Q1 | UNr 1435 | LK02 Q1 | UNr 1092 | GK11 Q1 | UNr 385 | GK10 Q2 | UNr 1325 | GK06 Q2 | UNr 1321 | GK04 Q2 | UNr 1317 | GK02 Q2 | UNr 1341 | GK13 Q2 | UNr 1740 | GK10
